{
  "rag-service/scripts/embed_all_documents.py": 1776248250.8750963,
  "rag-service/scripts/evaluate_rag.py": 1776236294.7771695,
  "rag-service/tests/__init__.py": 1776236294.7771695,
  "rag-service/tests/test_llm_router.py": 1776236294.777257,
  "rag-service/tests/test_rag_pipeline.py": 1776236294.777257,
  "rag-service/tests/test_factory.py": 1776236294.777257,
  "rag-service/tests/conftest.py": 1776236294.7772126,
  "rag-service/tests/services/__init__.py": 1776236294.777257,
  "rag-service/tests/providers/__init__.py": 1776236294.7772126,
  "rag-service/tests/providers/reranker/test_noop.py": 1776236294.777257,
  "rag-service/tests/providers/reranker/__init__.py": 1776236294.7772453,
  "rag-service/app/__init__.py": 1776236294.776468,
  "rag-service/app/main.py": 1776236294.776503,
  "rag-service/app/config.py": 1776248244.6356013,
  "rag-service/app/services/rag_pipeline.py": 1776236294.777021,
  "rag-service/app/services/llm_router.py": 1776236294.777021,
  "rag-service/app/services/__init__.py": 1776236294.7769706,
  "rag-service/app/services/search_service.py": 1776236294.777021,
  "rag-service/app/providers/__init__.py": 1776236294.7766068,
  "rag-service/app/providers/base.py": 1776236294.7766666,
  "rag-service/app/providers/reranker/bge_reranker.py": 1776236294.7769153,
  "rag-service/app/providers/reranker/noop_reranker.py": 1776236294.7769153,
  "rag-service/app/providers/reranker/__init__.py": 1776236294.7767944,
  "rag-service/app/providers/reranker/factory.py": 1776236294.7769153,
  "rag-service/app/providers/reranker/cohere_reranker.py": 1776236294.7769153,
  "rag-service/app/providers/llm/__init__.py": 1776236294.7766993,
  "rag-service/app/providers/llm/claude_provider.py": 1776236294.7767944,
  "rag-service/app/providers/llm/factory.py": 1776236294.7767944,
  "rag-service/app/providers/llm/gemini_provider.py": 1776236294.7767944,
  "rag-service/app/providers/llm/openai_provider.py": 1776236294.7767944,
  "rag-service/app/providers/llm/deepseek_provider.py": 1776236294.7767944,
  "rag-service/app/providers/llm/ollama_provider.py": 1776236294.7767944,
  "rag-service/app/providers/embedding/bgem3_provider.py": 1776236294.7766993,
  "rag-service/app/providers/embedding/__init__.py": 1776236294.7766666,
  "rag-service/app/providers/embedding/factory.py": 1776248247.4092948,
  "rag-service/app/providers/embedding/openai_provider.py": 1776236294.7766993,
  "rag-service/app/providers/embedding/ollama_provider.py": 1776236294.7766993,
  "rag-service/app/routers/__init__.py": 1776236294.7769153,
  "rag-service/app/routers/embed_router.py": 1776236294.7769706,
  "rag-service/app/routers/search_router.py": 1776236294.7769706,
  "rag-service/app/routers/ask_router.py": 1776236294.7769706,
  "rag-service/app/models/__init__.py": 1776236294.776503,
  "rag-service/app/models/search.py": 1776236294.7765572,
  "rag-service/app/models/ask.py": 1776236294.7765572,
  "rag-service/app/models/common.py": 1776236294.7765572,
  "rag-service/app/prompts/__init__.py": 1776236294.7765572,
  "rag-service/app/prompts/legal_qa.py": 1776236294.7766068,
  "rag-service/app/prompts/case_summary.py": 1776236294.7766068,
  "rag-service/app/prompts/case_comparison.py": 1776236294.7766068,
  "frontend/next.config.ts": 1776236294.7720418,
  "frontend/next-env.d.ts": 1776243728.8751297,
  "frontend/tailwind.config.ts": 1776746310.0,
  "frontend/middleware.ts": 1776236294.7720418,
  "frontend/components/chat/MessageBubble.tsx": 1776746310.0,
  "frontend/components/chat/TypingIndicator.tsx": 1776746310.0,
  "frontend/components/chat/ChatInterface.tsx": 1776746310.0,
  "frontend/components/chat/CitationLink.tsx": 1776746310.0,
  "frontend/components/layout/LanguageToggle.tsx": 1776746310.0,
  "frontend/components/layout/Header.tsx": 1776746310.0,
  "frontend/components/layout/Footer.tsx": 1776746310.0,
  "frontend/components/ui/Input.tsx": 1776746310.0,
  "frontend/components/ui/Loading.tsx": 1776746310.0,
  "frontend/components/ui/Card.tsx": 1776746310.0,
  "frontend/components/ui/Button.tsx": 1776746310.0,
  "frontend/components/ui/Badge.tsx": 1776746310.0,
  "frontend/components/search/SearchBar.tsx": 1776746310.0,
  "frontend/components/search/FilterPanel.tsx": 1776746310.0,
  "frontend/components/search/ResultCard.tsx": 1776746310.0,
  "frontend/components/search/SearchResults.tsx": 1776746310.0,
  "frontend/lib/i18n.ts": 1776236294.7719333,
  "frontend/lib/utils.ts": 1776236294.7719333,
  "frontend/lib/auth.ts": 1776236294.7719333,
  "frontend/lib/types.ts": 1776600982.5439062,
  "frontend/lib/api.ts": 1776236294.7718425,
  "frontend/i18n/request.ts": 1776244000.5694716,
  "frontend/hooks/useSearch.ts": 1776236294.7718425,
  "frontend/hooks/useAuth.ts": 1776236294.7717028,
  "frontend/hooks/useSubscription.ts": 1776236294.7718425,
  "frontend/app/layout.tsx": 1776747894.2996051,
  "frontend/app/[locale]/layout.tsx": 1776747898.9267552,
  "frontend/app/[locale]/page.tsx": 1776746310.0,
  "frontend/app/[locale]/pricing/page.tsx": 1776746310.0,
  "frontend/app/[locale]/judgments/page.tsx": 1776746310.0,
  "frontend/app/[locale]/ask/page.tsx": 1776765064.9287896,
  "frontend/app/[locale]/statutes/page.tsx": 1776746310.0,
  "frontend/app/[locale]/search/page.tsx": 1776746310.0,
  "frontend/app/[locale]/(auth)/login/page.tsx": 1776746310.0,
  "frontend/app/[locale]/(auth)/register/page.tsx": 1776746310.0,
  "backend/src/main/java/com/dhara/DharaApplication.java": 1776236294.7687252,
  "backend/src/main/java/com/dhara/document/DocumentService.java": 1776602609.522121,
  "backend/src/main/java/com/dhara/document/DocumentController.java": 1776600837.0753498,
  "backend/src/main/java/com/dhara/document/dto/DocumentResponse.java": 1776600718.9096684,
  "backend/src/main/java/com/dhara/document/dto/ShareDocumentResponse.java": 1776600750.3943021,
  "backend/src/main/java/com/dhara/document/dto/DocumentRequest.java": 1776600710.841764,
  "backend/src/main/java/com/dhara/document/dto/DocumentListResponse.java": 1776600727.3905685,
  "backend/src/main/java/com/dhara/document/dto/ExportRequest.java": 1776600756.3002348,
  "backend/src/main/java/com/dhara/document/dto/DocumentStatsResponse.java": 1776600732.4315097,
  "backend/src/main/java/com/dhara/document/dto/ShareDocumentRequest.java": 1776600743.9343765,
  "backend/src/main/java/com/dhara/common/ApiResponse.java": 1776236294.768921,
  "backend/src/main/java/com/dhara/common/Constants.java": 1776236294.7690063,
  "backend/src/main/java/com/dhara/common/AuditableEntity.java": 1776236294.7690063,
  "backend/src/main/java/com/dhara/common/GlobalExceptionHandler.java": 1776236294.7690063,